<?xml version="1.0" encoding="UTF-8"?>
<project-private xmlns="http://www.netbeans.org/ns/project-private/1">
    <editor-bookmarks xmlns="http://www.netbeans.org/ns/editor-bookmarks/2" lastBookmarkId="0"/>
    <open-files xmlns="http://www.netbeans.org/ns/projectui-open-files/2">
        <group>
            <file>file:/C:/Users/JMRivera/Desktop/JMRC/java/OrdenarArrayList/src/ordenararraylist/OrdenTelefono.java</file>
            <file>file:/C:/Users/JMRivera/Desktop/JMRC/java/OrdenarArrayList/src/ordenararraylist/OrdenarArrayList.java</file>
            <file>file:/C:/Users/JMRivera/Desktop/JMRC/java/OrdenarArrayList/src/ordenararraylist/Entrada.java</file>
            <file>file:/C:/Users/JMRivera/Desktop/JMRC/java/OrdenarArrayList/src/ordenararraylist/Persona.java</file>
            <file>file:/C:/Users/JMRivera/Desktop/JMRC/java/OrdenarArrayList/src/ordenararraylist/OrdenEmail.java</file>
        </group>
    </open-files>
</project-private>
