<?xml version="1.0" encoding="UTF-8"?>
<project-private xmlns="http://www.netbeans.org/ns/project-private/1">
    <editor-bookmarks xmlns="http://www.netbeans.org/ns/editor-bookmarks/2" lastBookmarkId="0"/>
    <open-files xmlns="http://www.netbeans.org/ns/projectui-open-files/2">
        <group>
            <file>file:/C:/Users/jmrivera/Desktop/Java-projet/GestionarLiga/src/gestionarliga/Liga.java</file>
            <file>file:/C:/Users/jmrivera/Desktop/Java-projet/GestionarLiga/src/gestionarliga/IOrdenaArray.java</file>
            <file>file:/C:/Users/jmrivera/Desktop/Java-projet/GestionarLiga/src/gestionarliga/Entrada.java</file>
            <file>file:/C:/Users/jmrivera/Desktop/Java-projet/GestionarLiga/src/gestionarliga/GestionarLiga.java</file>
            <file>file:/C:/Users/jmrivera/Desktop/Java-projet/GestionarLiga/src/gestionarliga/Equipo.java</file>
            <file>file:/C:/Users/jmrivera/Desktop/Java-projet/GestionarLiga/src/gestionarliga/IComparable.java</file>
        </group>
    </open-files>
</project-private>
